{"cameraMode":{"drawMode":0,"name":"Shaded","section":"Shading Mode"},"sceneLighting":true,"audioPlay":false,"sceneViewState":{"m_AlwaysRefresh":false,"showFog":true,"showSkybox":true,"showFlares":true,"showImageEffects":true,"showParticleSystems":true,"showVisualEffectGraphs":true,"m_FxEnabled":true},"in2DMode":false,"pivot":{"x":-0.041066914796829227,"y":0.2753286361694336,"z":0.2206268310546875},"rotation":{"x":0.012611455284059048,"y":0.9650353789329529,"z":-0.25776368379592898,"w":0.047233112156391147},"size":7.950268268585205,"orthographic":true}