{"cameraMode":{"drawMode":0,"name":"Shaded","section":"Shading Mode"},"sceneLighting":true,"audioPlay":false,"sceneViewState":{"m_AlwaysRefresh":false,"showFog":true,"showSkybox":true,"showFlares":true,"showImageEffects":true,"showParticleSystems":true,"showVisualEffectGraphs":true,"m_FxEnabled":true},"in2DMode":false,"pivot":{"x":-0.041066914796829227,"y":0.2753286361694336,"z":0.2206268310546875},"rotation":{"x":0.0007789125666022301,"y":0.9972783923149109,"z":-0.07374240458011627,"w":0.010475722141563893},"size":6.693870544433594,"orthographic":true}