{"cameraMode":{"drawMode":0,"name":"Shaded","section":"Shading Mode"},"sceneLighting":true,"audioPlay":false,"sceneViewState":{"m_AlwaysRefresh":false,"showFog":true,"showSkybox":true,"showFlares":true,"showImageEffects":true,"showParticleSystems":true,"showVisualEffectGraphs":true,"m_FxEnabled":false},"in2DMode":false,"pivot":{"x":0.06887054443359375,"y":7.961170196533203,"z":-42.30290603637695},"rotation":{"x":0.002567063784226775,"y":0.985129714012146,"z":-0.17113372683525086,"w":0.014778084121644497},"size":77.96463012695313,"orthographic":true}