{"cameraMode":{"drawMode":0,"name":"Shaded","section":"Shading Mode"},"sceneLighting":true,"audioPlay":false,"sceneViewState":{"m_AlwaysRefresh":false,"showFog":true,"showSkybox":true,"showFlares":true,"showImageEffects":true,"showParticleSystems":true,"showVisualEffectGraphs":true,"m_FxEnabled":false},"in2DMode":false,"pivot":{"x":-37.644248962402347,"y":34.11422348022461,"z":-42.786529541015628},"rotation":{"x":0.002567063784226775,"y":0.985129714012146,"z":-0.17113372683525086,"w":0.014778084121644497},"size":47.011287689208987,"orthographic":true}