{"cameraMode":{"drawMode":0,"name":"Shaded","section":"Shading Mode"},"sceneLighting":true,"audioPlay":false,"sceneViewState":{"m_AlwaysRefresh":false,"showFog":true,"showSkybox":true,"showFlares":true,"showImageEffects":true,"showParticleSystems":true,"showVisualEffectGraphs":true,"m_FxEnabled":false},"in2DMode":false,"pivot":{"x":-0.34752339124679568,"y":0.8481312394142151,"z":-2.486485242843628},"rotation":{"x":0.0038472539745271208,"y":0.9894284605979919,"z":-0.14246109127998353,"w":0.026721090078353883},"size":3.296515941619873,"orthographic":true}